participant_id,resp.corr_mean.incongruent.glad.adult,resp.corr_std.incongruent.glad.adult,resp.rt_mean.incongruent.glad.adult,resp.rt_std.incongruent.glad.adult,resp.corr_mean.incongruent.trist.adult,resp.corr_std.incongruent.trist.adult,resp.rt_mean.incongruent.trist.adult,resp.rt_std.incongruent.trist.adult,resp.corr_mean.incongruent.neu.adult,resp.corr_std.incongruent.neu.adult,resp.rt_mean.incongruent.neu.adult,resp.rt_std.incongruent.neu.adult,resp.corr_mean.congruent.glad.adult,resp.corr_std.congruent.glad.adult,resp.rt_mean.congruent.glad.adult,resp.rt_std.congruent.glad.adult,resp.corr_mean.congruent.trist.adult,resp.corr_std.congruent.trist.adult,resp.rt_mean.congruent.trist.adult,resp.rt_std.congruent.trist.adult,resp.corr_mean.congruent.neu.adult,resp.corr_std.congruent.neu.adult,resp.rt_mean.congruent.neu.adult,resp.rt_std.congruent.neu.adult,resp.corr_mean.incongruent.glad.baby,resp.corr_std.incongruent.glad.baby,resp.rt_mean.incongruent.glad.baby,resp.rt_std.incongruent.glad.baby,resp.corr_mean.incongruent.trist.baby,resp.corr_std.incongruent.trist.baby,resp.rt_mean.incongruent.trist.baby,resp.rt_std.incongruent.trist.baby,resp.corr_mean.incongruent.neu.baby,resp.corr_std.incongruent.neu.baby,resp.rt_mean.incongruent.neu.baby,resp.rt_std.incongruent.neu.baby,resp.corr_mean.congruent.glad.baby,resp.corr_std.congruent.glad.baby,resp.rt_mean.congruent.glad.baby,resp.rt_std.congruent.glad.baby,resp.corr_mean.congruent.trist.baby,resp.corr_std.congruent.trist.baby,resp.rt_mean.congruent.trist.baby,resp.rt_std.congruent.trist.baby,resp.corr_mean.congruent.neu.baby,resp.corr_std.congruent.neu.baby,resp.rt_mean.congruent.neu.baby,resp.rt_std.congruent.neu.baby,sex,age
1203,1.0,0.0,0.834701752662659,0.1431689078758755,0.9,0.14142135623731,0.925454306602478,0.2781871378706343,1.0,0.0,0.88201504945755,0.342748568313229,0.9583333333333334,0.058925565098879,1.066210811336835,0.5520721400429687,0.958333333333333,0.058925565098879,0.970267837246259,0.317773624340081,1.0,0.0,0.73930058379968,0.1153904391310168,1.0,0.0,0.838525940974553,0.1918489246230309,1.0,0.0,0.93509512146314,0.140123864101059,1.0,0.0,0.74944062034289,0.1599486668959158,0.875,0.176776695296637,0.854535475373268,0.2325926360583759,0.9583333333333334,0.058925565098879,0.924575318892797,0.271926342237961,0.958333333333333,0.058925565098879,1.000786791245143,0.3188716129640602,f,31.0
1204,0.9,0.14142135623731,0.631354975700378,0.1237662942771905,1.0,0.0,0.65177743434906,0.033000687356121,1.0,0.0,0.577718039353689,0.0197825014079988,0.9166666666666666,0.117851130197758,0.653005376458168,0.1283203687332544,0.958333333333333,0.058925565098879,0.616640264789263,0.0997124559805481,1.0,0.0,0.575910424192747,0.0626550642105185,1.0,0.0,0.621619453032812,0.0951531486419896,0.75,0.353553390593274,0.585500930746396,0.1347505272619795,1.0,0.0,0.535518651207288,0.0617795108479039,0.958333333333333,0.058925565098879,0.704160466790199,0.1730853636685792,0.9583333333333334,0.058925565098879,0.581735293070475,0.1236981572233239,1.0,0.0,0.580491123100122,0.0837948750207464,m,35.0
1205,1.0,0.0,0.855834305286407,0.1948226018417464,1.0,0.0,0.771843600273132,0.1091091797984986,1.0,0.0,0.715295652548472,0.0781681302550356,0.9166666666666666,0.117851130197758,0.743843207756678,0.1393011786915008,1.0,0.0,0.842596833904584,0.1624712084628349,0.958333333333333,0.058925565098879,0.774753148357074,0.142932393108533,0.916666666666667,0.117851130197758,0.800638139247894,0.0980608667452251,1.0,0.0,0.831005622943242,0.1645727802823718,1.0,0.0,0.748015552759171,0.0804810228607491,0.958333333333333,0.058925565098879,0.850434452295303,0.1357300691927068,0.9166666666666666,0.117851130197758,0.863746479153633,0.1385095555093622,0.958333333333333,0.058925565098879,0.79424532254537,0.1768311209270226,f,33.0
1206,1.0,0.0,0.734623801708221,0.0792649289329795,1.0,0.0,0.852039206027985,0.1515487044548234,1.0,0.0,0.773828436930974,0.1459313977733936,1.0,0.0,0.736919646461805,0.0914120714398557,0.958333333333333,0.058925565098879,0.789671947558721,0.139133729262374,0.958333333333333,0.058925565098879,0.700381522377332,0.1068718937218637,1.0,0.0,0.840831279754639,0.0937332423891069,1.0,0.0,0.83776444196701,0.1555584404207762,1.0,0.0,0.839601506789525,0.1386997923345751,1.0,0.0,0.820891325672468,0.1073334052253025,1.0,0.0,0.830718954404195,0.1461214484500454,1.0,0.0,0.744530275464058,0.0853206365959129,m,25.0
1207,1.0,0.0,0.936832451820374,0.1954310843231299,1.0,0.0,0.804329264163971,0.2083662555883721,1.0,0.0,0.771048158407211,0.0703016738615589,1.0,0.0,0.922319829463959,0.3013059620308245,0.916666666666667,0.117851130197758,0.786469141642253,0.1194460933859674,1.0,0.0,0.756350075205167,0.1211648699661349,1.0,0.0,0.913468798001607,0.2045902716638509,0.9166666666666666,0.117851130197758,0.840047458807627,0.2242655444646921,1.0,0.0,0.702929457028707,0.0688407025292469,1.0,0.0,0.935145422816277,0.18757099491352,0.9583333333333334,0.058925565098879,0.885868360598882,0.133502934886974,0.875,0.058925565098879,0.74357175330321,0.0958358713920738,m,32.0
1208,1.0,0.0,0.7368732213974,0.0951450606617608,1.0,0.0,0.7295485496521,0.0558937343610461,1.0,0.0,0.728487193584442,0.0796755544389555,0.9583333333333334,0.058925565098879,0.73701703051726,0.1123400293599087,0.958333333333333,0.058925565098879,0.788358042637507,0.1393963568121559,1.0,0.0,0.750977630416552,0.0948629324676253,0.75,0.353553390593274,0.823619027932485,0.2074065521792478,0.9166666666666666,0.117851130197758,0.942542274792989,0.3051793592638447,1.0,0.0,0.687153875827789,0.0384592661962438,0.833333333333333,0.235702260395516,0.805944124857585,0.1257703895679427,0.8333333333333334,0.235702260395516,0.811469882726669,0.0769836282002106,1.0,0.0,0.76656885445118,0.1459629446895227,m,63.0
1209,1.0,0.0,0.87340612411499,0.2704189426397866,1.0,0.0,0.819007766246796,0.1731119931011358,0.916666666666667,0.117851130197758,0.792939752340317,0.1017242918912293,1.0,0.0,0.940032318234444,0.3063376178812053,1.0,0.0,0.897374699513118,0.1770645301740876,1.0,0.0,0.893739382425944,0.2056035099999527,1.0,0.0,1.053182442982992,0.4369544524859797,1.0,0.0,0.925267885128657,0.1222887578285227,1.0,0.0,0.951858013868332,0.124499591840591,1.0,0.0,0.903201475739479,0.169041343699947,1.0,0.0,1.015166153510412,0.2862160310280596,1.0,0.0,0.859860599040985,0.1462233630419923,f,48.0
1210,1.0,0.0,0.692144727706909,0.1131249610274066,1.0,0.0,0.742518842220306,0.1027675205198264,1.0,0.0,0.774654020865758,0.1129349321266371,1.0,0.0,0.729636843005816,0.1118269652362706,1.0,0.0,0.79587684571743,0.1102381344145307,1.0,0.0,0.745837564269702,0.0734529024065468,1.0,0.0,0.652902513742447,0.0613084776689489,1.0,0.0,0.695400883754094,0.0774793102608539,1.0,0.0,0.720322618881861,0.0959084342162511,1.0,0.0,0.697376648585002,0.06391511273539,1.0,0.0,0.803681463003159,0.1662832855435331,1.0,0.0,0.694955532749494,0.0754857292039314,m,69.0
1212,1.0,0.0,0.894206535816193,0.0454913442395406,1.0,0.0,1.059003305435181,0.2867039117072506,1.0,0.0,0.942208548386892,0.0798884732930569,0.9583333333333334,0.058925565098879,0.929776007930438,0.1315382525191891,0.916666666666667,0.117851130197758,0.964936777949333,0.1101507850716262,1.0,0.0,0.943097993731499,0.0968114725924568,1.0,0.0,0.994414180517197,0.1823971812553345,1.0,0.0,1.111885776122411,0.3766207682028282,0.916666666666667,0.117851130197758,0.936102747917175,0.1502425989075797,1.0,0.0,1.098148460189501,0.2489393773031378,1.0,0.0,1.022119179368019,0.1873615953211717,1.0,0.0,1.086930816372236,0.2367140376408741,f,62.0
1213,1.0,0.0,0.773986995220184,0.1418669664372541,1.0,0.0,0.848296642303467,0.2436598326558892,0.916666666666667,0.117851130197758,0.918959577878316,0.195870987839713,0.9583333333333334,0.058925565098879,0.91685743133227,0.3297098963295922,0.875,0.176776695296637,0.933842986822128,0.1772011597202524,0.916666666666667,0.117851130197758,0.826903407772382,0.1091013777144013,1.0,0.0,0.787668744723002,0.2270885474024553,1.0,0.0,1.02896523475647,0.4026046585580033,1.0,0.0,0.755136569341024,0.0953243526528785,1.0,0.0,0.902253031730652,0.262330537429819,0.9583333333333334,0.058925565098879,1.019191607832909,0.2616637286273132,0.958333333333333,0.058925565098879,0.940875286857287,0.2603964642107389,f,34.0
1214,1.0,0.0,0.771452069282532,0.2289539374147259,1.0,0.0,0.726207852363586,0.1374482739806385,1.0,0.0,0.700841714938482,0.2088423232083774,1.0,0.0,0.755805790424347,0.1389036987877031,0.916666666666667,0.117851130197758,0.747415105501811,0.080522075647317,1.0,0.0,0.625228876868884,0.079385570072155,1.0,0.0,0.564686516920725,0.0590081061894876,1.0,0.0,0.844203422466914,0.2460386696256942,1.0,0.0,0.717277427514394,0.0697808266198918,0.958333333333333,0.058925565098879,0.67801954348882,0.062027748761166,0.875,0.058925565098879,0.696517994006475,0.1378560651109521,1.0,0.0,0.612919005254904,0.074545201206011,m,31.0
1215,0.9,0.14142135623731,0.89740914106369,0.2963267790068189,1.0,0.0,0.785364305973053,0.0993117823992756,1.0,0.0,0.638666828473409,0.0737321990349191,0.9166666666666666,0.117851130197758,0.721682826677958,0.0832483410310086,0.958333333333333,0.058925565098879,0.872696061929067,0.1371738305618714,1.0,0.0,0.715941369533539,0.1054610033823027,0.916666666666667,0.117851130197758,0.722629467646281,0.0934006054116951,0.9166666666666666,0.117851130197758,0.773922234773636,0.1231379465813254,1.0,0.0,0.697055588165919,0.0249794466614723,1.0,0.0,0.746359507242839,0.0947960419068417,1.0,0.0,0.819216693441073,0.1304481664292879,1.0,0.0,0.674213623007139,0.0837913803445522,m,40.0
1217,1.0,0.0,0.864459669589996,0.3743948470238995,1.0,0.0,0.795984041690826,0.2262018830768876,1.0,0.0,0.76822101076444,0.1650660880707687,1.0,0.0,0.804407517115275,0.1547760122760581,1.0,0.0,0.779714778065681,0.1352011719029766,0.958333333333333,0.058925565098879,0.783865561087926,0.1298936789780355,0.916666666666667,0.117851130197758,0.651867816845576,0.1172227803945456,0.9166666666666666,0.117851130197758,0.798948029677073,0.1661545374580364,1.0,0.0,0.814258525768916,0.2778014513574751,1.0,0.0,0.725577543179194,0.1852076174077592,1.0,0.0,0.925624072551727,0.1991310254986088,0.958333333333333,0.058925565098879,0.726307024558385,0.1540547848676604,m,31.0
1220,1.0,0.0,0.882746815681458,0.1997600714273166,0.9,0.14142135623731,0.900815117359161,0.1573776473213549,0.916666666666667,0.117851130197758,0.823230455319087,0.1168382992811999,0.9583333333333334,0.058925565098879,0.787258729338646,0.0968574161696206,1.0,0.0,0.914746711651484,0.1870697986399705,1.0,0.0,0.827898696064949,0.1386711078919238,1.0,0.0,0.776608953873316,0.0582311114759933,1.0,0.0,0.893983393907547,0.1400247979335939,0.916666666666667,0.117851130197758,0.896949152151744,0.1876045578538876,1.0,0.0,0.882636214296023,0.1304857649303904,1.0,0.0,0.865522474050522,0.2044995962315199,0.958333333333333,0.058925565098879,0.861187453071276,0.1414836724601846,f,56.0
1221,1.0,0.0,0.64869601726532,0.0659745861752846,1.0,0.0,0.693850982189179,0.0951113642563797,0.916666666666667,0.117851130197758,0.732625146706899,0.2208147642183869,1.0,0.0,0.680023218194644,0.1530085332563084,0.916666666666667,0.117851130197758,0.703966423869133,0.1054106308738582,1.0,0.0,0.701728746294975,0.1229698228025679,1.0,0.0,0.607378512620926,0.0935800421069842,1.0,0.0,0.730494807163874,0.1308156131913132,1.0,0.0,0.671833276748657,0.1153906182551228,1.0,0.0,0.638261387745539,0.1095125342705756,1.0,0.0,0.717100294927756,0.1319105022658157,0.916666666666667,0.117851130197758,0.630498339732488,0.0510653376584181,f,30.0
1222,0.9,0.14142135623731,0.671486353874207,0.0673623217387198,0.9,0.14142135623731,0.75252947807312,0.0847814962171,1.0,0.0,0.691960424184799,0.0631628511976291,1.0,0.0,0.685668195287387,0.1150801944233488,1.0,0.0,0.744176929195722,0.0923962705973317,1.0,0.0,0.747952039043109,0.1353928136231516,1.0,0.0,0.636488397916158,0.0847141820804498,1.0,0.0,0.795944144328435,0.1791158629501877,0.916666666666667,0.117851130197758,0.675036003192266,0.0908118054866461,0.958333333333333,0.058925565098879,0.670602262020111,0.1487295481194597,1.0,0.0,0.73756783703963,0.0818325001928625,0.958333333333333,0.058925565098879,0.656375413139661,0.0748719903081576,m,30.0
1223,1.0,0.0,0.885065340995788,0.2388538443789325,0.8,0.282842712474619,0.704523956775665,0.1532077350674392,0.916666666666667,0.117851130197758,0.752592831850052,0.2073305122400587,1.0,0.0,0.816047375400861,0.1397677934758416,0.791666666666667,0.176776695296637,0.84572763244311,0.1538126231250289,1.0,0.0,0.723600293199221,0.1709653526028203,1.0,0.0,0.722407738367716,0.1584717710793323,0.9166666666666666,0.117851130197758,0.841892371575038,0.1872142218408757,1.0,0.0,0.688523203134537,0.1195626926423626,1.0,0.0,0.749552647272746,0.2452511645418664,1.0,0.0,0.759147013227145,0.1764509581095681,0.958333333333333,0.058925565098879,0.646667142709096,0.0822069486001382,m,31.0
1226,1.0,0.0,0.774601995944977,0.1516727089125121,1.0,0.0,0.814786243438721,0.116456800057425,1.0,0.0,0.686066458622615,0.1232152228280305,0.9583333333333334,0.058925565098879,0.681283016999563,0.0950155462060901,0.958333333333333,0.058925565098879,0.789840673406919,0.1060308357986861,1.0,0.0,0.705790375669797,0.0930176486094247,1.0,0.0,0.758368144432704,0.0927778787004611,1.0,0.0,0.913253307342529,0.1936653519389712,0.916666666666667,0.117851130197758,1.605397820472717,0.9326239816848908,0.208333333333333,0.176776695296637,1.129192888736725,0.2448175349348521,0.0416666666666667,0.058925565098879,1.118497580289841,0.3683532318622179,0.125,0.058925565098879,0.991374010841052,0.1842946920833302,f,47.0
1227,1.0,0.0,0.966773295402527,0.2697302041295268,1.0,0.0,0.941662287712097,0.204317300574991,1.0,0.0,0.904424448808034,0.1704112005702555,1.0,0.0,0.940439939498901,0.166992227145632,0.958333333333333,0.058925565098879,0.987771257758141,0.2603899700838369,1.0,0.0,0.832036510109901,0.1781166735635843,1.0,0.0,0.898427158594131,0.1603165878099746,1.0,0.0,1.17487578590711,0.1929429268575886,1.0,0.0,0.887946883837382,0.1159398268135939,1.0,0.0,0.996538440386454,0.2302561535108955,0.9583333333333334,0.058925565098879,0.963299969832102,0.2432513158973259,1.0,0.0,0.873042578498522,0.1815146613698928,f,48.0
1228,1.0,0.0,0.831670737266541,0.1858603105282548,1.0,0.0,1.33400616645813,0.4610133052039568,1.0,0.0,0.8099618156751,0.1683994612460706,1.0,0.0,1.160327836871147,0.5817845812056803,0.958333333333333,0.058925565098879,1.061092302203178,0.3570224309616964,0.958333333333333,0.058925565098879,1.024342924356461,0.243597973726373,0.916666666666667,0.117851130197758,0.963377197583516,0.3249023703951094,1.0,0.0,1.329754064480464,0.7033875746865529,0.916666666666667,0.117851130197758,0.76961013674736,0.1022179719767788,1.0,0.0,0.91102788845698,0.263368505429294,0.875,0.176776695296637,1.066820666193962,0.4080204109317015,1.0,0.0,0.807413970430692,0.167573047596585,f,30.0
1229,1.0,0.0,0.73188111782074,0.0508765650849537,1.0,0.0,0.821718597412109,0.1491459631974383,1.0,0.0,0.707572340965271,0.0749792996967356,0.9583333333333334,0.058925565098879,0.683578391869863,0.0511697090603917,1.0,0.0,0.782295256853104,0.1087451455263161,1.0,0.0,0.753486126661301,0.0901104187071624,0.916666666666667,0.117851130197758,0.692850013573964,0.1226628111090592,0.9166666666666666,0.117851130197758,0.769373804330826,0.1099046018166367,1.0,0.0,0.715930591026942,0.0671375554053961,1.0,0.0,0.747800931334496,0.1319346734834353,1.0,0.0,0.870585352182388,0.1537569734799334,1.0,0.0,0.702773307760557,0.0550542295491973,f,43.0
1231,1.0,0.0,1.088022470474243,0.3340748452323309,1.0,0.0,1.236510229110718,0.4481692132782805,0.916666666666667,0.117851130197758,1.129092266162236,0.3742012440703584,1.0,0.0,1.243106390039126,0.5685390858558111,1.0,0.0,1.2358175466458,0.4004022258177499,1.0,0.0,1.02966005106767,0.2956742509615466,1.0,0.0,1.16371143857638,0.3649555882551722,1.0,0.0,1.243434925874074,0.5207303684493957,1.0,0.0,0.944015562534332,0.1098262086783721,0.958333333333333,0.058925565098879,1.051520978411039,0.1669751646964438,1.0,0.0,1.028156201044718,0.2824218136744153,1.0,0.0,1.078142533699672,0.2488633373639611,m,56.0
1232,1.0,0.0,0.767557752132416,0.0876530368704727,1.0,0.0,0.771318399906158,0.0903569595073366,1.0,0.0,0.655244320631027,0.1080141540979688,0.9166666666666666,0.117851130197758,0.831635062893232,0.2016423770772639,0.958333333333333,0.058925565098879,0.868568390607834,0.2087460387329567,1.0,0.0,0.724702313542366,0.0887299724412301,1.0,0.0,0.786804636319478,0.1923897986422057,1.0,0.0,0.935047080119451,0.1019543012925295,1.0,0.0,0.789648562669754,0.1511259476810654,1.0,0.0,0.789896830916405,0.1095940023726198,0.875,0.176776695296637,0.975680927435557,0.3009886173349512,1.0,0.0,0.703613991538684,0.089397857744508,m,36.0
1235,1.0,0.0,0.802679991722107,0.1262991639293661,1.0,0.0,0.877218127250671,0.173436667133964,0.916666666666667,0.117851130197758,0.826850324869156,0.2360157346057975,0.9583333333333334,0.058925565098879,0.802664791544278,0.2207058163711078,0.916666666666667,0.117851130197758,0.813446382681529,0.2088297774964745,0.958333333333333,0.058925565098879,0.671311592062314,0.106081317186452,1.0,0.0,0.632420082887014,0.1728588717730392,0.9166666666666666,0.117851130197758,1.160340239604314,0.4051460081560894,1.0,0.0,0.679662068684896,0.0848135362513367,1.0,0.0,0.822977155447006,0.3108662756802709,1.0,0.0,1.09741206963857,0.3909313354880007,1.0,0.0,0.888291612267494,0.4023988449600133,f,33.0
1236,1.0,0.0,0.910133635997772,0.1474324156363146,1.0,0.0,0.924682748317718,0.0989856669442161,1.0,0.0,0.86672901113828,0.1321434531658865,1.0,0.0,0.868701383471489,0.1209223113407162,0.958333333333333,0.058925565098879,0.942003925641378,0.1689221278266944,1.0,0.0,0.819447487592697,0.1276724171332028,1.0,0.0,0.989597886800766,0.282541338624558,1.0,0.0,0.872958173354467,0.166313480248249,1.0,0.0,0.822083085775375,0.1575855422712214,1.0,0.0,0.862390557924906,0.1725841761756425,1.0,0.0,0.955396637320518,0.1638105158924537,1.0,0.0,0.827552303671837,0.1486048988150503,f,41.0
1237,1.0,0.0,0.911521363258362,0.1533757029028147,1.0,0.0,0.868817460536957,0.2411813450823593,1.0,0.0,0.802221963802973,0.1127440350007788,0.9583333333333334,0.058925565098879,0.854628950357437,0.1670430878550538,0.958333333333333,0.058925565098879,0.851698825756709,0.1012804820641742,1.0,0.0,0.750354970494906,0.1398101089117456,1.0,0.0,0.759115854899089,0.1465355447488995,1.0,0.0,0.947846929232279,0.0807117487585184,1.0,0.0,0.733352849880854,0.1385157440716063,1.0,0.0,0.854429637392362,0.1466092736359008,0.9583333333333334,0.058925565098879,0.938424403468768,0.2255915370024074,1.0,0.0,0.800225406885147,0.1127181673726366,f,62.0
1240,1.0,0.0,0.88272659778595,0.1283650717881575,1.0,0.0,1.200501108169556,0.3032065186711025,1.0,0.0,0.785645604133606,0.1930086408188925,0.9583333333333334,0.058925565098879,0.993860527873039,0.2122588240178972,0.875,0.058925565098879,0.91347536444664,0.2128982268321905,1.0,0.0,0.799095099171003,0.1107876977089787,1.0,0.0,0.873505651950836,0.1678729628144716,1.0,0.0,0.783648014068604,0.1386560439058338,1.0,0.0,0.697662830352783,0.0922967934981642,0.958333333333333,0.058925565098879,0.898557230830193,0.2440640722117734,1.0,0.0,0.996657441059748,0.268653477888179,1.0,0.0,0.773509904742241,0.1747694691974966,f,35.0
1241,1.0,0.0,0.899409198760986,0.2630802069365165,1.0,0.0,0.809162199497223,0.0771269204604589,1.0,0.0,0.774100800355276,0.2365450147293946,0.9583333333333334,0.058925565098879,0.860448718070984,0.0978398627206034,1.0,0.0,0.912845815221469,0.2492261760705475,1.0,0.0,0.802057047684987,0.1143866627624138,1.0,0.0,0.862371305624644,0.1162047127320315,0.9166666666666666,0.117851130197758,0.920474658409755,0.1785792176648167,1.0,0.0,0.810603062311808,0.150474771847072,1.0,0.0,0.968423441052437,0.2795043350635115,0.9166666666666666,0.0,0.961048786838849,0.2118082706950884,1.0,0.0,0.779901593923569,0.1263733845295839,m,39.0
1242,0.8,0.282842712474619,0.698160934448242,0.0941557814041877,1.0,0.0,0.96399587392807,0.4012155757003044,0.916666666666667,0.117851130197758,0.777320136626561,0.1115951856673585,1.0,0.0,0.767748326063156,0.1078176338801036,1.0,0.0,0.848014339804649,0.1711640556762432,1.0,0.0,0.645076143244902,0.082872320897545,1.0,0.0,0.75793981552124,0.1660372708765255,1.0,0.0,0.781558593114217,0.1630523467712883,1.0,0.0,0.743379801511765,0.1271978436190927,1.0,0.0,0.749553670485814,0.1456193583121173,1.0,0.0,0.923669382929802,0.2622128669410165,1.0,0.0,0.706994985540708,0.1350916462926471,m,41.0
1243,0.9,0.14142135623731,0.673714673519134,0.0885316216451864,1.0,0.0,0.715717482566834,0.1189881229202532,1.0,0.0,0.652208119630814,0.0637869863159097,0.9583333333333334,0.058925565098879,0.672702635327975,0.0705702616781657,1.0,0.0,0.752755229671796,0.0967788439072324,1.0,0.0,0.685315931836764,0.0942907925113196,1.0,0.0,0.741895258426666,0.1340842769052773,0.9166666666666666,0.117851130197758,0.75152533253034,0.1388447002242273,1.0,0.0,0.709289848804474,0.1216086200851628,0.958333333333333,0.058925565098879,0.767387608687083,0.200523093758073,0.9583333333333334,0.058925565098879,0.814822698632876,0.2439162877997078,1.0,0.0,0.73198493818442,0.1344195603534896,m,33.0
1244,1.0,0.0,1.014787936210632,0.3116332246924147,1.0,0.0,0.859920215606689,0.1223974489312599,1.0,0.0,0.750868082046509,0.0530674868188178,1.0,0.0,0.901485443115234,0.1766648797075454,1.0,0.0,0.917213425040245,0.1717238852405445,1.0,0.0,0.851216355959574,0.1207129433585044,1.0,0.0,0.876393427451452,0.1471889332924231,1.0,0.0,1.026288658380508,0.2201283465945892,1.0,0.0,0.79586457212766,0.08936765777137,1.0,0.0,0.860113789637884,0.1464906829409018,1.0,0.0,0.893874521056811,0.1695569893180482,1.0,0.0,0.790890152255694,0.1322079167706819,f,50.0
1245,1.0,0.0,0.883006012439728,0.2009949235124664,1.0,0.0,0.948112964630127,0.3587267223724844,0.833333333333333,0.235702260395516,0.819258580605189,0.0992521755163038,1.0,0.0,0.87162871658802,0.1888390917303304,0.958333333333333,0.058925565098879,0.866431211431821,0.1754957717889338,1.0,0.0,0.922331233819326,0.3182898529895846,1.0,0.0,0.759256720542908,0.0704393957135355,1.0,0.0,0.779807835817337,0.0949809787658183,0.916666666666667,0.117851130197758,0.881252676248551,0.2116407229232955,0.958333333333333,0.058925565098879,0.871842339634895,0.2065160074899441,0.9166666666666666,0.117851130197758,0.865087459484736,0.1725942106378179,1.0,0.0,0.964755420883497,0.1951200223174318,f,58.0
1246,1.0,0.0,0.799263501167297,0.1789314444973951,0.7,0.424264068711929,0.844890356063843,0.1632101052350617,0.916666666666667,0.117851130197758,0.95549194018046,0.3159031893500107,0.9583333333333334,0.058925565098879,0.792315100630124,0.119574943326338,0.833333333333333,0.117851130197758,0.794821535547574,0.1928453779767103,1.0,0.0,0.889653846621513,0.1943681506378903,1.0,0.0,0.687659919261932,0.0433646325273393,0.9166666666666666,0.117851130197758,0.776741246382395,0.1398275717559809,0.916666666666667,0.117851130197758,0.711363136768341,0.150134119944014,0.958333333333333,0.058925565098879,0.689538528521856,0.1220341697901001,1.0,0.0,0.761273468534152,0.0861484709454549,0.916666666666667,0.117851130197758,0.717426359653473,0.0798903382911245,m,31.0
1248,0.9,0.14142135623731,0.717311298847198,0.1195444866087082,0.9,0.14142135623731,0.835299324989319,0.2213418288226535,1.0,0.0,0.777375151713689,0.2266438489793211,0.875,0.176776695296637,0.684017221132914,0.1168818685858553,0.958333333333333,0.058925565098879,0.764357353250186,0.1435054567832474,0.958333333333333,0.058925565098879,0.71504000822703,0.0973411952580191,0.916666666666667,0.117851130197758,0.710260093212128,0.1242106119737814,0.8333333333333334,0.235702260395516,0.756953835487366,0.0826454180702339,0.916666666666667,0.117851130197758,0.651449888944626,0.1181531229040635,0.958333333333333,0.058925565098879,0.749291107058525,0.1895275043049681,0.9166666666666666,0.117851130197758,0.816001693407695,0.1911548889569796,1.0,0.0,0.780041997631391,0.1629119854903031,f,26.0
1252,1.0,0.0,0.779344594478607,0.1131476655347,1.0,0.0,0.824830293655396,0.1403389071563761,1.0,0.0,0.817001601060232,0.103457538889386,0.9166666666666666,0.117851130197758,0.830013483762741,0.1499777656727291,1.0,0.0,0.860262726744016,0.1518312014338895,0.958333333333333,0.058925565098879,0.807775790492694,0.1237796780089556,1.0,0.0,0.74798118074735,0.0497968246414648,1.0,0.0,0.857236901919047,0.1319684980855449,1.0,0.0,0.801258703072866,0.1024408796340867,1.0,0.0,0.80135889351368,0.1050754440121614,1.0,0.0,0.894657845298449,0.1725878043168568,1.0,0.0,0.800779536366463,0.0799960250259899,f,58.0
1253,1.0,0.0,0.897413563728333,0.1365091073258944,0.8,0.282842712474619,0.85511189699173,0.1069847088937229,1.0,0.0,0.723728100458781,0.1226918924345328,1.0,0.0,0.895603741208712,0.1978854421234009,0.958333333333333,0.058925565098879,0.838363165656726,0.1274028529146083,0.958333333333333,0.058925565098879,0.824296221137047,0.0977755817521792,0.916666666666667,0.117851130197758,1.080956071615219,0.2536894605953368,1.0,0.0,0.857722441355387,0.1327013685608357,1.0,0.0,0.768890490134557,0.1240271397177266,0.958333333333333,0.058925565098879,1.023763770858447,0.3658944093057571,1.0,0.0,0.842274566491445,0.1042390924870363,0.958333333333333,0.058925565098879,0.844367742538452,0.1519731555319115,m,60.0
1254,1.0,0.0,0.721953523159027,0.0925444146625695,1.0,0.0,0.815769684314728,0.045292739859972,1.0,0.0,0.805908401807149,0.1711383039518062,1.0,0.0,0.795275116960208,0.0952233652916121,0.958333333333333,0.058925565098879,0.813094303011894,0.0687661412419946,1.0,0.0,0.776597534616788,0.0975234979389569,1.0,0.0,0.707476923863093,0.0783997904078546,1.0,0.0,0.818617016077042,0.1344274576191975,1.0,0.0,0.721496691306432,0.0857142565508515,1.0,0.0,0.695580710967382,0.082299167660764,1.0,0.0,0.811680719256401,0.1163231804987145,1.0,0.0,0.760555888215701,0.1233044793164517,m,70.0
1255,1.0,0.0,1.029081630706787,0.0993954691816685,0.9,0.14142135623731,1.164143443107605,0.1918868125325885,1.0,0.0,1.084951897462209,0.2759087663436199,1.0,0.0,0.973976299166679,0.133896326546515,0.958333333333333,0.058925565098879,1.068713083863258,0.2140808217423616,1.0,0.0,1.028939003745715,0.1984124217315024,1.0,0.0,0.992489924033483,0.1109872349387853,1.0,0.0,1.1054341395696,0.1762300155491015,1.0,0.0,1.122223198413849,0.128929148349872,1.0,0.0,1.07551667590936,0.2445065192907308,1.0,0.0,1.090259487430254,0.2125674302672419,1.0,0.0,0.99652336537838,0.1122941981743903,f,77.0
1256,1.0,0.0,0.898753595352173,0.2333296822327142,0.8,0.282842712474619,0.908587980270386,0.2440171620669321,1.0,0.0,0.799877643585205,0.1231018899523834,0.9583333333333334,0.058925565098879,0.854658544063568,0.1996179164293203,0.958333333333333,0.058925565098879,0.813985154032707,0.130655242676625,1.0,0.0,0.771019697189331,0.1090334861659508,0.833333333333333,0.235702260395516,0.850557893514633,0.1070380682088321,0.9166666666666666,0.117851130197758,0.878049423297246,0.3031763583862654,1.0,0.0,0.736637870470683,0.1629396320494241,1.0,0.0,0.914763167500496,0.3106512881182545,0.9166666666666666,0.117851130197758,0.940474743644396,0.3086107800577374,0.958333333333333,0.058925565098879,0.744717170794805,0.1097115832993716,m,34.0
1260,1.0,0.0,0.813031387329102,0.1714803200079301,1.0,0.0,0.749550247192383,0.0907071323834839,1.0,0.0,0.707691639661789,0.054347988857651,1.0,0.0,0.808351536591848,0.1681347755251916,0.916666666666667,0.117851130197758,0.761965016523997,0.1496073405333946,1.0,0.0,0.70206293463707,0.090361842219717,1.0,0.0,0.831386864185333,0.0931817017050024,0.9166666666666666,0.117851130197758,0.703906695048014,0.1199048021239654,0.916666666666667,0.117851130197758,0.606750398874283,0.048192125531283,0.958333333333333,0.058925565098879,0.723112260301908,0.1124208916010257,1.0,0.0,0.709970374902089,0.112327251840332,0.958333333333333,0.058925565098879,0.656645531455676,0.1275816784806,f,37.0
1261,1.0,0.0,0.761592149734497,0.1096111150467849,1.0,0.0,0.970822370052338,0.1837509281952406,1.0,0.0,0.7394859790802,0.1141661399142844,1.0,0.0,0.720326215028763,0.1424943714486657,1.0,0.0,0.760359610120455,0.148926475756896,1.0,0.0,0.706813087066015,0.1300937412873265,1.0,0.0,0.678046007951101,0.1102760595537119,1.0,0.0,0.978818118572235,0.3013187079402519,1.0,0.0,0.779397835334142,0.1277073112115343,0.958333333333333,0.058925565098879,0.830347200234731,0.1098672807822422,1.0,0.0,0.816554645697276,0.1927180699085498,1.0,0.0,0.769926930467288,0.1146977381145672,f,47.0
1262,1.0,0.0,0.832916986942291,0.1577945217999744,1.0,0.0,0.834043848514557,0.1315426069910626,1.0,0.0,0.900957365830739,0.1341010021796224,0.9166666666666666,0.117851130197758,0.767604952057203,0.0692023119528105,1.0,0.0,0.898175631960233,0.1522518515676959,1.0,0.0,0.817367926239967,0.1442222341869252,1.0,0.0,0.869182328383128,0.1930424566403585,1.0,0.0,0.876278897126516,0.1051509992625683,1.0,0.0,0.846090088287989,0.0786836353836283,1.0,0.0,0.8069931914409,0.0660543041294605,1.0,0.0,0.88797985514005,0.1334036579853196,0.958333333333333,0.058925565098879,0.871918236215909,0.1543753783830643,f,75.0
1263,1.0,0.0,0.678731095790863,0.0362242047707575,1.0,0.0,0.727586007118225,0.0640589697638364,1.0,0.0,0.634484688440959,0.0659183805429976,1.0,0.0,0.675907770792643,0.0564411523809814,1.0,0.0,0.728037441770236,0.1118270284565367,1.0,0.0,0.620111415783564,0.0853930027347941,1.0,0.0,0.629550079504649,0.03120651006394,1.0,0.0,0.704726149638494,0.0833695220010715,1.0,0.0,0.68400239944458,0.0620616910231575,0.958333333333333,0.058925565098879,0.637022410829862,0.0919115871080359,1.0,0.0,0.729583849509557,0.1090880136511992,1.0,0.0,0.635320196549098,0.0988918480594201,m,46.0
1265,1.0,0.0,0.82474160194397,0.1610744064098387,0.9,0.14142135623731,0.874202477931976,0.2406420592969239,1.0,0.0,0.786079148451487,0.0878699835585098,0.9583333333333334,0.058925565098879,0.838238999247551,0.109395899891794,1.0,0.0,0.805195664366086,0.1038584151267588,1.0,0.0,0.794526606798172,0.1511786593395902,1.0,0.0,0.751851707696915,0.0822583027789041,1.0,0.0,0.804099609454473,0.0845692531173646,0.916666666666667,0.117851130197758,0.795980493227641,0.1243479193817523,1.0,0.0,0.807290717959404,0.1819729662006004,1.0,0.0,0.72094423075517,0.0966530320521989,1.0,0.0,0.869387502471606,0.1784619545955368,f,65.0
1268,0.9,0.14142135623731,0.874669623374939,0.1642142201833487,1.0,0.0,1.00814745426178,0.1851125664300814,1.0,0.0,0.751868546009064,0.1191716331084548,1.0,0.0,0.863985846439997,0.186010493798459,1.0,0.0,1.004675110181173,0.1608061199431992,0.916666666666667,0.117851130197758,0.703663061062495,0.1066714011635183,1.0,0.0,0.785620669523875,0.0875164909155529,1.0,0.0,1.020123322804769,0.2645839502955915,0.916666666666667,0.117851130197758,0.702903081973394,0.1609433149595929,1.0,0.0,0.795377795894941,0.1379269069388257,0.9166666666666666,0.117851130197758,0.966770221789678,0.1702218663900248,1.0,0.0,0.790460601449013,0.1439161988954112,f,50.0
1269,0.7,0.424264068711929,1.126350045204163,0.3138204269665158,0.9,0.14142135623731,1.215107214450836,0.7805790809776613,1.0,0.0,0.957848936319351,0.2041918926273737,0.875,0.176776695296637,1.601385166247686,0.7735268953754478,0.833333333333333,0.235702260395516,1.354006245732307,0.4045685717458522,1.0,0.0,0.93919217089812,0.16477373996836,0.0,0.0,0.96998272339503,0.2283249954482431,0.0,0.0,0.967390567064285,0.1553492866850305,0.833333333333333,0.235702260395516,0.978622595469157,0.2770891731298605,0.0,0.0,0.975081453720729,0.1582904061657301,0.0,0.0,1.186196943124135,0.3359226824871471,1.0,0.0,0.983978807926178,0.227417496530594,m,32.0
1270,1.0,0.0,0.805875051021576,0.1658693690712219,1.0,0.0,0.781533873081207,0.1095208870734943,1.0,0.0,0.674839397271474,0.0505546811734929,1.0,0.0,0.734293679396311,0.06784958777638,0.958333333333333,0.058925565098879,0.734699840346972,0.0737894204062507,1.0,0.0,0.748225962122281,0.1725263787973746,1.0,0.0,0.837787201007207,0.1806304556105119,0.9166666666666666,0.117851130197758,0.805045892794927,0.1718966592215331,1.0,0.0,0.719319880008698,0.1342208467434008,0.958333333333333,0.058925565098879,0.818566342194875,0.1198328293556725,0.9583333333333334,0.058925565098879,0.84065813322862,0.1312723129295382,1.0,0.0,0.726647019386292,0.1306065964328348,f,45.0
1272,1.0,0.0,0.797793436050415,0.1556929282045681,1.0,0.0,0.741707289218903,0.1083107794031026,0.916666666666667,0.117851130197758,0.677463223536809,0.089388667975365,0.9583333333333334,0.058925565098879,0.800039822856585,0.1815017029700971,0.958333333333333,0.058925565098879,0.895389979084333,0.1920733320056882,0.875,0.176776695296637,0.691488519310951,0.1131057094006793,1.0,0.0,0.91561633348465,0.1560796283494494,0.9166666666666666,0.117851130197758,0.698368340730667,0.1606978552260772,1.0,0.0,0.768277277549108,0.1563911146333692,0.875,0.176776695296637,0.896079301834106,0.2140875634819626,1.0,0.0,0.859292919437091,0.291011313303035,1.0,0.0,0.770393108328184,0.1231455084283481,m,37.0
1274,1.0,0.0,0.965771579742432,0.321968154568216,1.0,0.0,0.799603343009949,0.0994476132626772,1.0,0.0,0.834745089213053,0.141898211300943,0.9583333333333334,0.058925565098879,0.796450932820638,0.1735280829459393,1.0,0.0,0.947144776582718,0.2495883825744122,1.0,0.0,0.871159518758456,0.2053907351474814,0.916666666666667,0.117851130197758,0.746895352999369,0.1204282765191903,1.0,0.0,0.96974245707194,0.1550706538695199,1.0,0.0,0.89881557226181,0.1653543373922074,0.916666666666667,0.117851130197758,0.87500207622846,0.1550435148113173,0.9166666666666666,0.117851130197758,1.030818010369937,0.308341191253475,1.0,0.0,1.022232194741567,0.2564508834751963,f,62.0
1277,0.9,0.14142135623731,0.796639490127564,0.1065477725152048,1.0,0.0,0.890006721019745,0.136115143874116,1.0,0.0,0.956842710574468,0.296712436719644,1.0,0.0,0.902810290455818,0.2032074476131556,1.0,0.0,1.038781712452571,0.3158822669519692,1.0,0.0,0.908275544643402,0.1825443896605136,1.0,0.0,0.756575355927149,0.0853162779093179,1.0,0.0,0.888394981622696,0.1656012406552661,1.0,0.0,0.782790263493856,0.172550160156646,1.0,0.0,0.775789558887482,0.1169254975985304,1.0,0.0,0.902381186683973,0.2412282074607698,1.0,0.0,0.78528593480587,0.1136848123675791,f,61.0
1278,1.0,0.0,0.938085067272186,0.1658421000602674,1.0,0.0,1.063885569572449,0.3337795812707601,1.0,0.0,1.015213012695312,0.1979425335419225,0.9583333333333334,0.058925565098879,1.006552795569102,0.2646896510794257,0.916666666666667,0.117851130197758,1.113065600395203,0.3405519237401873,1.0,0.0,0.998762731750806,0.2140221392802352,0.833333333333333,0.235702260395516,0.927231838305791,0.2690971472257581,1.0,0.0,1.052981346845627,0.2954438797997583,1.0,0.0,1.061019738515218,0.0955041475964052,0.916666666666667,0.117851130197758,1.02168149749438,0.2891999365844664,0.875,0.058925565098879,1.219802816708883,0.3328575494169281,1.0,0.0,0.947789818048477,0.2428151012835942,f,66.0
1279,0.9,0.14142135623731,0.757783961296081,0.0843617051765666,1.0,0.0,0.715292024612427,0.0727478291827465,1.0,0.0,0.851751148700714,0.1414509419200867,1.0,0.0,0.740761379400889,0.1075553136510687,0.958333333333333,0.058925565098879,0.835491140683492,0.1398990703722426,0.958333333333333,0.058925565098879,0.811432644724846,0.1105583977796496,1.0,0.0,1.046445379654567,0.4304432139574335,0.9166666666666666,0.117851130197758,0.989610731601715,0.2023056314955665,1.0,0.0,0.794899294773738,0.0663696749478983,1.0,0.0,0.814573496580124,0.0898578185950797,1.0,0.0,0.977841426928838,0.2475528618909588,0.958333333333333,0.058925565098879,1.020491853356361,0.3345889384415175,f,55.0
1281,0.9,0.14142135623731,0.810904622077942,0.1056182237713068,1.0,0.0,0.799475836753845,0.1245600290164575,1.0,0.0,0.803629686435064,0.076379165123123,1.0,0.0,0.827787220478058,0.0971211500741176,0.875,0.058925565098879,0.910448397199313,0.235254664376574,0.958333333333333,0.058925565098879,0.784431710839272,0.0687070759460855,0.916666666666667,0.117851130197758,0.91715540488561,0.1767371685772244,1.0,0.0,0.982857942581177,0.2047061754972538,1.0,0.0,0.7923710445563,0.0360341084350155,0.958333333333333,0.058925565098879,0.83890488743782,0.1289949079702518,0.9583333333333334,0.058925565098879,0.989639898141225,0.1972292859368884,0.958333333333333,0.058925565098879,0.826830113927523,0.1229603608350709,m,61.0
1282,1.0,0.0,0.715717315673828,0.1807847510082231,1.0,0.0,0.797194862365723,0.0859815097175865,1.0,0.0,0.737330794334412,0.0932853618789036,1.0,0.0,0.777668351928393,0.1581906059406929,0.958333333333333,0.058925565098879,0.888999139269193,0.1707060212878219,1.0,0.0,0.709986547629038,0.0586368275765089,1.0,0.0,0.744410872459412,0.2241641883184989,1.0,0.0,0.703242202599843,0.0929510881988922,1.0,0.0,0.781511604785919,0.1356513599531043,1.0,0.0,0.736330906550089,0.1485771310662941,1.0,0.0,0.907806277275085,0.3098614579332875,1.0,0.0,0.706832965215047,0.1262165455696532,m,33.0
1284,0.9,0.14142135623731,1.068423306941986,0.2491764505162155,1.0,0.0,1.140039610862732,0.360236388768671,1.0,0.0,0.975068966547648,0.1875651154281559,0.9583333333333334,0.058925565098879,1.111058210333188,0.2013541453170292,0.958333333333333,0.058925565098879,1.088013410568237,0.2092450714682758,1.0,0.0,0.914630929629008,0.1303406287453087,1.0,0.0,0.90596987803777,0.1667493910534475,0.9166666666666666,0.117851130197758,0.993595331907272,0.3486570998835929,1.0,0.0,0.890644083420436,0.1332734769069704,1.0,0.0,0.98702684044838,0.1325885800819901,1.0,0.0,0.929878478248914,0.1255578851577555,0.958333333333333,0.058925565098879,0.791345342993736,0.0960782227954837,f,53.0
1285,1.0,0.0,0.665698528289795,0.0689046266543832,1.0,0.0,0.651222491264343,0.0726845414749751,0.916666666666667,0.117851130197758,0.701838999986649,0.1301714407586838,1.0,0.0,0.667487447460492,0.0950167122688874,1.0,0.0,0.649869471788406,0.0545899047436231,1.0,0.0,0.658567056059837,0.1225615129148029,1.0,0.0,0.631218681732813,0.0649081592188121,1.0,0.0,0.657528758049011,0.1098122931938963,1.0,0.0,0.615338613589605,0.0560900621084334,0.958333333333333,0.058925565098879,0.65218331416448,0.1255659404741689,1.0,0.0,0.670916793247064,0.0765584736217601,1.0,0.0,0.624267399311066,0.0794606283410085,f,55.0
1286,1.0,0.0,0.828245913982391,0.2053171165447402,1.0,0.0,0.782751905918121,0.1223879616756764,1.0,0.0,0.793723295132319,0.2918854038188052,0.9583333333333334,0.058925565098879,0.793719430764516,0.273672647734686,0.958333333333333,0.058925565098879,0.851861029863358,0.2474345416382436,1.0,0.0,0.703000222643216,0.1445380089126946,1.0,0.0,0.848492523034414,0.1949548909649558,1.0,0.0,0.843764493862788,0.2497481402036826,1.0,0.0,0.746279880404472,0.1374400160081062,1.0,0.0,0.77159043153127,0.1875229404817338,1.0,0.0,0.987173413236936,0.2292898456900161,1.0,0.0,0.672278230388959,0.1169456297431987,m,30.0
1291,1.0,0.0,0.767006349563599,0.05812567130031,1.0,0.0,0.839666903018951,0.0407953423784498,0.916666666666667,0.117851130197758,0.719099521636963,0.0753318791579138,1.0,0.0,0.751710409919421,0.0443481924575818,1.0,0.0,0.789529422918955,0.0538454333482371,1.0,0.0,0.736534784237544,0.0585451300830547,1.0,0.0,0.708352456490199,0.0683806205064298,1.0,0.0,0.817552367846171,0.0697587873303587,0.916666666666667,0.117851130197758,0.737625161806742,0.0987118529183836,0.958333333333333,0.058925565098879,0.748047302166621,0.0804557733862568,1.0,0.0,0.808169469237328,0.1238164441097889,1.0,0.0,0.749148185054461,0.0723655909841834,f,53.0
1295,1.0,0.0,1.046444654464722,0.11915509187533,1.0,0.0,1.061421966552734,0.1573081303094246,1.0,0.0,0.956040968497594,0.1252121967062686,1.0,0.0,0.93772188325723,0.1079580496181261,1.0,0.0,1.035453761617342,0.110802034661984,1.0,0.0,0.824105188250542,0.1223964535631871,1.0,0.0,0.884882628917694,0.0774020129407153,1.0,0.0,0.92427193125089,0.0610745486107868,1.0,0.0,0.843560477097829,0.0888658714419532,1.0,0.0,0.877261365453402,0.128006230710131,1.0,0.0,1.013815810283025,0.165650664859619,1.0,0.0,0.876154621442159,0.0885460752044132,f,65.0
1296,1.0,0.0,0.770880270004273,0.1243499522647428,1.0,0.0,0.80635097026825,0.0560835721961115,0.916666666666667,0.117851130197758,0.744256009658178,0.057820221849837,1.0,0.0,0.83985011279583,0.1489365207557855,0.958333333333333,0.058925565098879,0.959586595495542,0.2112611975769341,0.958333333333333,0.058925565098879,0.715255935986837,0.0784333533482347,0.916666666666667,0.117851130197758,0.720082581043243,0.0581841317888346,1.0,0.0,0.917040159304937,0.1238814099645284,1.0,0.0,0.699538469314575,0.0864801631309518,1.0,0.0,0.819507966438929,0.1744404041655097,0.9166666666666666,0.117851130197758,1.056120604276657,0.3064579927927903,1.0,0.0,0.758401900529861,0.1123440333105103,m,42.0
1298,1.0,0.0,1.159540641307831,0.5015994896319776,1.0,0.0,1.136410546302796,0.3540888831623464,0.916666666666667,0.117851130197758,1.121742109457652,0.4435930201561135,0.9583333333333334,0.058925565098879,1.218549927075704,0.3694929247928008,0.875,0.176776695296637,1.905013153950373,1.2362919479366636,1.0,0.0,1.279339005549749,0.378234100392512,0.916666666666667,0.117851130197758,0.93589124083519,0.1456419191690268,0.9166666666666666,0.117851130197758,1.341030190388362,0.5111494133808211,1.0,0.0,1.154655526081721,0.3312667903768673,1.0,0.0,1.125273664792379,0.382375193333856,0.9166666666666666,0.117851130197758,1.39644647638003,0.4875147549954551,1.0,0.0,1.24149256447951,0.4906757458041568,f,74.0
1299,1.0,0.0,0.825351810455322,0.1393739466303549,1.0,0.0,0.86799863576889,0.2637799120567552,0.916666666666667,0.117851130197758,0.69884858528773,0.1181931518734263,0.9166666666666666,0.117851130197758,0.745085949699084,0.1472269760915589,0.916666666666667,0.117851130197758,0.913963054617246,0.2660829995494078,1.0,0.0,0.72417975962162,0.1440425024636847,1.0,0.0,0.810280193885167,0.1450712157176684,1.0,0.0,0.762714912494024,0.1664235713287927,1.0,0.0,0.667569031318029,0.0992693187469213,1.0,0.0,0.773054137825966,0.1843692832246024,0.9166666666666666,0.117851130197758,0.796364530920982,0.2098337856727497,1.0,0.0,0.694085786739985,0.1154288594956699,f,45.0
1301,0.9,0.14142135623731,0.71825954914093,0.0430994431515845,0.8,0.282842712474619,0.779430997371674,0.2084311701644471,1.0,0.0,0.621256132920583,0.0719586139904857,1.0,0.0,0.699875970681508,0.1294929344495599,1.0,0.0,0.708938191334406,0.0857867983016291,1.0,0.0,0.66146553059419,0.0761272428728691,1.0,0.0,0.721452901760737,0.1557939815959012,1.0,0.0,0.756680577993393,0.1234074616285758,1.0,0.0,0.693589707215627,0.0934173061004099,1.0,0.0,0.789201214909554,0.2138947837968639,1.0,0.0,0.782769729693731,0.1580119770599785,1.0,0.0,0.708180606365204,0.1035178422501645,m,45.0
1302,0.9,0.14142135623731,0.871671915054321,0.1479843454762639,1.0,0.0,0.872832179069519,0.1428983082496813,1.0,0.0,0.794436315695445,0.0713387813628842,1.0,0.0,0.912227521340052,0.1238752811103132,0.916666666666667,0.117851130197758,0.909752691785495,0.1102590462758632,1.0,0.0,0.873061661918958,0.0864701251565466,0.916666666666667,0.117851130197758,0.798214862744014,0.089193612360443,0.9166666666666666,0.117851130197758,0.946669866641363,0.2202097391835477,1.0,0.0,0.880618621905645,0.1054305522842594,1.0,0.0,0.864546398321788,0.1065496002835471,1.0,0.0,0.937911873062452,0.1323760721595423,1.0,0.0,0.720078264673551,0.1133778621382574,f,50.0
1303,1.0,0.0,0.988507533073425,0.2185526515406498,1.0,0.0,0.984106636047363,0.176224495716821,1.0,0.0,0.864834100008011,0.1339143618854303,0.9583333333333334,0.058925565098879,1.028217996160189,0.2090701163880795,0.916666666666667,0.0,0.944562415281932,0.1566886994818889,1.0,0.0,0.967171822985013,0.144934280606903,1.0,0.0,0.860669632752736,0.1086797863009956,1.0,0.0,0.955541292826335,0.1977784137138208,1.0,0.0,0.875643968582153,0.1288601820567523,0.958333333333333,0.058925565098879,0.862122590343157,0.1459597099188979,0.9166666666666666,0.117851130197758,1.033699408173561,0.1895672698565227,1.0,0.0,0.932007640600204,0.1908522640473416,f,67.0
1305,1.0,0.0,0.809349882602692,0.1093668993477703,1.0,0.0,0.846465289592743,0.2611333007045146,1.0,0.0,0.664227952559789,0.1545505371732324,1.0,0.0,0.721314390500387,0.1131400327404344,0.958333333333333,0.058925565098879,0.771334861715635,0.1796496176641977,1.0,0.0,0.771683136622111,0.1363339913850576,1.0,0.0,0.727065106232961,0.150369074575483,1.0,0.0,0.895804683367411,0.1821137577480594,1.0,0.0,0.714898705482483,0.1014794959705962,0.958333333333333,0.058925565098879,0.847698226571083,0.1705555956732405,0.9583333333333334,0.058925565098879,0.772888079285622,0.121047490993033,0.958333333333333,0.058925565098879,0.730934446056684,0.0678841271187311,f,50.0
1309,1.0,0.0,0.628502249717712,0.0844425976228964,0.9,0.14142135623731,0.575644528865814,0.0888949485527423,0.916666666666667,0.117851130197758,0.620411415894826,0.0546906497605245,1.0,0.0,0.677247226238251,0.0693706429534719,0.875,0.176776695296637,0.671317577362061,0.0985708927835416,0.916666666666667,0.117851130197758,0.595279902219772,0.0691272290982591,0.916666666666667,0.117851130197758,0.702676564455032,0.1823529656990111,0.9166666666666666,0.117851130197758,0.621220310529073,0.0639608350415624,0.916666666666667,0.117851130197758,0.592230965693792,0.0663562862990198,0.916666666666667,0.117851130197758,0.647820512453715,0.0840926003586094,0.9166666666666666,0.117851130197758,0.595604186256727,0.0915063012564119,0.958333333333333,0.058925565098879,0.61653696000576,0.0905550784956597,f,36.0
1310,1.0,0.0,0.702919507026672,0.0998046054988831,1.0,0.0,0.74057275056839,0.1340370345027037,1.0,0.0,0.614311327536901,0.0846923675740998,1.0,0.0,0.693790311614672,0.1239005762439007,0.875,0.176776695296637,0.756060481071472,0.195701367847883,0.958333333333333,0.058925565098879,0.674874807397524,0.1459462615619953,1.0,0.0,0.659031063318253,0.0662741561402508,0.9166666666666666,0.117851130197758,0.823433617750804,0.1560838360098244,1.0,0.0,0.706598371267319,0.0912333828511194,0.916666666666667,0.117851130197758,0.682369773586591,0.0979265306900863,0.9166666666666666,0.117851130197758,0.790254498521487,0.1460863331007594,1.0,0.0,0.666634544730186,0.0728862468089565,f,40.0
1311,1.0,0.0,0.869404816627502,0.2265646662901231,0.9,0.14142135623731,0.907287788391113,0.2495119141422526,1.0,0.0,0.799232681592306,0.1015781476940212,1.0,0.0,0.875997910896937,0.1303489843581285,0.916666666666667,0.117851130197758,0.91797495385011,0.2473559764003855,1.0,0.0,0.795920302470525,0.1162473477815266,0.916666666666667,0.117851130197758,0.84450364112854,0.1060383660355846,0.8333333333333334,0.235702260395516,0.899816751480103,0.1363561044315273,1.0,0.0,0.867887745300929,0.1681483432981673,1.0,0.0,0.856875851750374,0.1775979582500116,1.0,0.0,0.946484714746475,0.2174277451294124,1.0,0.0,0.790212829907735,0.1321350202839437,m,52.0
1313,1.0,0.0,0.673167419433594,0.0936128204135178,1.0,0.0,0.617450881004334,0.0926731943581336,1.0,0.0,0.616384208202362,0.1122810026985649,0.9166666666666666,0.117851130197758,0.674850960572561,0.1697483447908819,0.958333333333333,0.058925565098879,0.666518102089564,0.0915258679308404,0.958333333333333,0.058925565098879,0.572881996631622,0.0843331008129238,1.0,0.0,0.62871903181076,0.0784343192135026,1.0,0.0,0.67815966407458,0.1032415222418139,1.0,0.0,0.63014813264211,0.0752879164826776,0.958333333333333,0.058925565098879,0.629927496115367,0.0657216372980248,0.9583333333333334,0.058925565098879,0.681866665681203,0.1202778245628345,1.0,0.0,0.613586078087489,0.0666574290438812,f,42.0
1318,0.9,0.14142135623731,0.782838332653046,0.158887549739897,1.0,0.0,1.036543965339661,0.3482177765885588,1.0,0.0,0.79408997297287,0.1149904374408596,1.0,0.0,0.795708571871122,0.2404927923694802,1.0,0.0,0.887743984659513,0.1092082550977811,1.0,0.0,0.793875311811765,0.1041177060510391,1.0,0.0,0.875477204720179,0.2418133216219366,1.0,0.0,1.23642243941625,0.6805616669088387,0.916666666666667,0.117851130197758,0.804304172595342,0.0939049697233548,1.0,0.0,0.820156514644623,0.1419766834645254,0.9583333333333334,0.058925565098879,1.057971472541491,0.2738633200774099,1.0,0.0,0.834393342336019,0.1698759004718162,f,47.0
1320,1.0,0.0,0.944076836109161,0.1402075270002009,1.0,0.0,1.141434097290039,0.2348683962369046,1.0,0.0,0.935307641824086,0.0929233977194265,0.9583333333333334,0.058925565098879,0.878733749190966,0.1861398881356152,0.916666666666667,0.117851130197758,1.03782719373703,0.1425843725314229,1.0,0.0,1.015000363190969,0.2321042787685718,1.0,0.0,0.896390914916992,0.2058532651997557,1.0,0.0,0.883044928312302,0.0528775906802257,1.0,0.0,0.847472300132116,0.1720602170916544,1.0,0.0,0.918378502130508,0.2051999714866715,1.0,0.0,0.965994025270144,0.1402753188011437,1.0,0.0,0.845145354668299,0.1395748452033566,f,69.0
1322,0.9,0.14142135623731,1.112323880195618,0.3242828257709452,1.0,0.0,0.977266561985016,0.1965589761362254,0.916666666666667,0.117851130197758,0.926365534464518,0.236889438775426,1.0,0.0,0.949589525659879,0.1826612523346822,0.958333333333333,0.058925565098879,0.967818304896355,0.1347040392880879,0.958333333333333,0.058925565098879,0.907991727193197,0.2013556942136971,0.916666666666667,0.117851130197758,0.955980618794759,0.2507427988040644,0.8333333333333334,0.235702260395516,1.020553727944692,0.2115088313855474,1.0,0.0,0.921993891398112,0.1680872514412669,0.875,0.176776695296637,0.856093630194664,0.110896594628824,0.9583333333333334,0.058925565098879,0.952820102373759,0.2027881918376053,1.0,0.0,0.982431337237358,0.209691171274103,f,71.0
1327,1.0,0.0,0.95777313709259,0.3134593633447029,1.0,0.0,0.882988548278809,0.2170643873141367,0.916666666666667,0.117851130197758,0.701528131961823,0.0854070622210239,0.9583333333333334,0.058925565098879,0.790861715873083,0.109099056125497,1.0,0.0,0.837742020686468,0.1060340986671626,1.0,0.0,0.730295399824778,0.0603862203298313,1.0,0.0,0.855267574389776,0.1410025907700908,1.0,0.0,0.828309843937556,0.1085817246334344,1.0,0.0,0.803188472986221,0.10292648157367,1.0,0.0,0.835734312733014,0.0900755457022612,0.9583333333333334,0.058925565098879,0.874622012178103,0.0827219848450344,1.0,0.0,0.772036651770274,0.1278700261447017,f,57.0
1328,1.0,0.0,0.854707658290863,0.0604205587722029,1.0,0.0,0.753767442703247,0.0993170760434115,1.0,0.0,0.702469795942307,0.0541738872509123,1.0,0.0,0.798391724626223,0.0920424618531439,1.0,0.0,0.777625987927119,0.0675173968531408,1.0,0.0,0.705504223704338,0.0580353112667629,1.0,0.0,0.798985749483109,0.1462499085320687,1.0,0.0,0.817359397808711,0.1280226609565641,1.0,0.0,0.751444419225057,0.0847954412043654,1.0,0.0,0.809607754151026,0.0850165611328453,1.0,0.0,0.866965889930725,0.1527183855705725,1.0,0.0,0.824631998936335,0.1305672944965965,f,43.0
1330,1.0,0.0,0.878040051460266,0.0654629992987018,1.0,0.0,0.972003996372223,0.1122650515213017,1.0,0.0,0.761662284533183,0.0836693898037579,1.0,0.0,0.811527520418167,0.1411706302551093,1.0,0.0,0.942752813299497,0.1643532935442839,1.0,0.0,0.755112066864967,0.0970021343983982,1.0,0.0,0.901406606038411,0.1851781075893043,1.0,0.0,0.902025421460469,0.0822033889475471,1.0,0.0,0.814691464106242,0.225514404757392,1.0,0.0,0.822452088197072,0.1705176529728699,1.0,0.0,0.94102801879247,0.1828324001497688,1.0,0.0,0.774798914790154,0.1090062628140178,f,42.0
1334,0.9,0.14142135623731,0.955681169033051,0.1394770209630805,0.9,0.14142135623731,0.843269121646881,0.2741673063295757,1.0,0.0,0.684149354696274,0.040821463590253,0.9583333333333334,0.058925565098879,0.692001392443975,0.1156294222987813,0.916666666666667,0.117851130197758,0.836863552530607,0.3098164433429527,1.0,0.0,0.682438964645068,0.1199597651266595,1.0,0.0,0.68245213230451,0.1430439382553401,1.0,0.0,0.959252854188283,0.3251609834575701,1.0,0.0,0.661210536956787,0.1208882004913174,0.958333333333333,0.058925565098879,0.729737828175227,0.1776077328066301,1.0,0.0,0.849946950872739,0.2529219190687499,1.0,0.0,0.785390610496203,0.227366920312367,f,38.0
1335,1.0,0.0,0.750528466701508,0.0716734301498389,1.0,0.0,1.131962883472443,0.3877285588887099,1.0,0.0,0.945227762063344,0.2267165803909071,1.0,0.0,0.873346348603566,0.116976358307967,0.875,0.058925565098879,0.832063501079877,0.1413103997414903,1.0,0.0,0.91148087879022,0.1901359326978246,1.0,0.0,1.087936600049337,0.433893881812135,1.0,0.0,1.046961645285288,0.2748196074844031,1.0,0.0,0.902748713890711,0.1218416219126757,1.0,0.0,0.939176683624585,0.1513943950081656,1.0,0.0,1.097046360373497,0.3125208626101624,0.958333333333333,0.058925565098879,0.908541967471441,0.1739266867657297,f,64.0
1339,1.0,0.0,0.704247319698334,0.1193185204950956,1.0,0.0,0.732452118396759,0.1135239020219921,1.0,0.0,0.683830390373866,0.0956437590320779,0.9583333333333334,0.058925565098879,0.721817384163539,0.1161405968387595,1.0,0.0,0.749724845091502,0.1435692846730892,1.0,0.0,0.652897283434868,0.097289779615017,1.0,0.0,0.729036261638006,0.1662065923281815,0.9166666666666666,0.117851130197758,0.681014537811279,0.1147470042682228,1.0,0.0,0.753123819828033,0.1117126243484955,0.958333333333333,0.058925565098879,0.697471439838409,0.1019905862168232,1.0,0.0,0.744649603962898,0.1928441293763305,0.916666666666667,0.117851130197758,0.665739963452021,0.1576709265179602,m,37.0
1219,1.0,0.0,0.967735958099365,0.1928291402008879,1.0,0.0,1.054890441894531,0.2673474910545465,1.0,0.0,0.728948394457499,0.1521815857467459,0.9583333333333334,0.058925565098879,0.881516496340434,0.1419410500602195,1.0,0.0,0.890439202388128,0.1595135990277053,1.0,0.0,0.813029403487841,0.1970187009643433,0.916666666666667,0.117851130197758,1.282441755135854,0.4670511657839359,0.9166666666666666,0.117851130197758,0.962927083174388,0.3262690241049211,1.0,0.0,0.864589790503184,0.1967869301760318,1.0,0.0,1.258131181200345,0.6570617748276348,0.9166666666666666,0.117851130197758,1.031156425674756,0.2320453153274881,1.0,0.0,0.842223227024078,0.1674926893615463,f,52.0
1292,1.0,0.0,0.672539949417114,0.0628336934424488,0.9,0.14142135623731,0.88391877412796,0.2920533330195388,0.916666666666667,0.117851130197758,0.889351586500804,0.3008473727088904,0.875,0.176776695296637,0.750122894843419,0.2113631894380957,0.916666666666667,0.117851130197758,0.719898084799449,0.1437754547631665,1.0,0.0,0.724489981929461,0.1183441289092938,1.0,0.0,0.780350913604101,0.1350899955410749,0.8333333333333334,0.235702260395516,0.686563611030579,0.1378511339296698,1.0,0.0,0.718630184729894,0.2143996275289192,0.916666666666667,0.117851130197758,0.700564831495285,0.1240050038416805,0.9583333333333334,0.058925565098879,0.763195099929968,0.2202661632769844,0.916666666666667,0.0,0.636026640733083,0.119003435572781,f,55.0
1314,0.0,0.0,0.846197044849396,0.2004346485964722,0.1,0.14142135623731,0.908919525146484,0.1080612321277684,1.0,0.0,0.905298391977946,0.0542585672940526,0.0833333333333333,0.0,0.902779330809911,0.1141508581694851,0.0,0.0,0.944712067643801,0.1047952306898512,0.958333333333333,0.058925565098879,0.916028618812561,0.1227216235239259,0.0,0.0,0.967408458391825,0.2603673407384267,0.0833333333333333,0.117851130197758,1.005460460980733,0.1504465756054361,1.0,0.0,0.9344389239947,0.0720586635843838,0.0,0.0,0.953082591295242,0.143114119782587,0.0416666666666667,0.058925565098879,1.019362146655718,0.1280737499614527,1.0,0.0,0.959345569213231,0.1359503180863069,f,72.0
1319,1.0,0.0,0.968130493164062,0.2352738320608334,1.0,0.0,0.879300808906555,0.0670235453703835,1.0,0.0,0.852248797814051,0.0749470503331031,1.0,0.0,0.825365235408147,0.0911417450657415,0.916666666666667,0.117851130197758,0.893844629327456,0.0703376848313728,1.0,0.0,0.881155103445053,0.0866389443582306,1.0,0.0,0.878441135088603,0.3836484355784137,0.9166666666666666,0.117851130197758,0.925452828407288,0.189932082440516,1.0,0.0,0.847653269767761,0.0594770917340344,0.958333333333333,0.058925565098879,1.073239728808403,0.3156276595962308,0.875,0.176776695296637,1.108588327964147,0.3724985921719794,1.0,0.0,0.797543222705523,0.1350857299287814,f,66.0
1326,1.0,0.0,0.844348609447479,0.1110036806390678,1.0,0.0,0.978748321533203,0.1026941681447785,1.0,0.0,0.890276869138082,0.0654236608351689,0.9583333333333334,0.058925565098879,0.860974947611491,0.0611310569979191,0.958333333333333,0.058925565098879,0.968781625231107,0.117231873577086,1.0,0.0,0.918961827953657,0.1277058852432203,1.0,0.0,0.869762510061264,0.1438208451629162,1.0,0.0,1.014748603105545,0.2450333408481963,1.0,0.0,0.834686845541,0.1139966533874727,1.0,0.0,0.852384860316912,0.0728956543367319,0.9583333333333334,0.058925565098879,0.949972803394,0.1478410749916662,0.958333333333333,0.058925565098879,0.858570769429207,0.1202697727586456,f,63.0
1337,1.0,0.0,0.744502985477448,0.1446717211944709,1.0,0.0,0.839016604423523,0.099144864020396,1.0,0.0,0.84754087527593,0.1355366854027883,0.9583333333333334,0.058925565098879,0.73798110584418,0.0629051513167528,0.958333333333333,0.058925565098879,0.893502632776896,0.2085570382152872,1.0,0.0,0.809097394347191,0.1352393920701014,1.0,0.0,0.761308322350184,0.1212029074969127,1.0,0.0,0.841237624486287,0.1689620163065688,1.0,0.0,0.695432633161545,0.0880833133444765,1.0,0.0,0.760030294458071,0.1419138249522141,0.9583333333333334,0.058925565098879,0.851125344634056,0.2216733938652114,1.0,0.0,0.845381319522858,0.1439633682433825,f,56.0
1344,1.0,0.0,0.886098349094391,0.1558419931783881,1.0,0.0,0.760498940944672,0.1517525181848522,1.0,0.0,0.851966112852097,0.1391499838969461,1.0,0.0,0.916753977537155,0.1802301764534861,1.0,0.0,0.99909400443236,0.0966583706530037,1.0,0.0,0.912365987896919,0.1425077214629269,1.0,0.0,0.946071008841197,0.1627227513914679,1.0,0.0,0.942730863889058,0.1441622767826908,1.0,0.0,0.871370742718379,0.3632031117573749,1.0,0.0,0.824691101908684,0.1826457247332438,1.0,0.0,0.868993098537127,0.0954613439594945,1.0,0.0,0.872308343648911,0.1723597038165868,f,64.0
1345,1.0,0.0,0.961006367206573,0.336347066129247,1.0,0.0,1.098051857948303,0.2255266315581601,1.0,0.0,0.885295470555623,0.1765643805472915,0.9583333333333334,0.058925565098879,0.924486552675565,0.2103685097642925,1.0,0.0,1.140165830651919,0.3288150976622817,1.0,0.0,1.08403709034125,0.3681810830594789,0.916666666666667,0.117851130197758,0.864905109008153,0.1730381714910768,0.8333333333333334,0.0,0.967428654432297,0.2149189715329869,1.0,0.0,0.956086327632268,0.2433051514718239,1.0,0.0,0.983500381310781,0.2741234504264387,0.9583333333333334,0.058925565098879,1.088603859146436,0.2201888624445889,1.0,0.0,0.729421998063723,0.147839759658769,f,55.0
